k,silhouette_score,davies_bouldin_score,inertia
2,0.15014870158351268,2.4567273175024584,315583.8358328447
3,0.15507556668120465,2.06961021281789,276704.70628685027
4,0.16446698911392588,1.839502841650237,248063.6293300771
5,0.12014010230428368,2.121526233578165,235608.4984577944
6,0.11524062737260961,2.2476796675147424,229113.06548466042
7,0.11306531333584333,2.1735944434669534,222685.0114167062
8,0.09488877264348144,2.5764303182439487,220273.96990521
9,0.1021636460480205,2.226468585910234,208269.43530386486
10,0.10242553339730376,2.200069006015691,205788.7585478983
